year,nature_of_employment,industry1,industry2,total_paid_hours,standard_hours,overtime_paid_hours
1990,full-time,manufacturing,"food, beverages and tobacco",48.2,43.4,4.8
1990,part-time,manufacturing,"food, beverages and tobacco",28.4,28.1,0.3
1990,full-time,manufacturing,textile and wearing apparel,50.3,43.9,6.4
1990,part-time,manufacturing,textile and wearing apparel,22.7,22.5,0.3
1990,full-time,manufacturing,paper products and publishing,49.6,42.9,6.7
1990,part-time,manufacturing,paper products and publishing,22.6,22.4,0.2
1990,full-time,manufacturing,petroleum and chemical products,48.3,42.9,5.3
1990,part-time,manufacturing,petroleum and chemical products,25.8,24.9,0.9
1990,full-time,manufacturing,rubber and plastic products,49.8,43.5,6.3
1990,part-time,manufacturing,rubber and plastic products,22.9,22.2,0.8
1990,full-time,manufacturing,fabricated metal products,50.9,43.6,7.3
1990,part-time,manufacturing,fabricated metal products,23.6,22.9,0.7
1990,full-time,manufacturing,machinery and equipment,50.7,43.5,7.2
1990,part-time,manufacturing,machinery and equipment,22,21.7,0.3
1990,full-time,manufacturing,electrical products,48.5,43.7,4.9
1990,part-time,manufacturing,electrical products,26.9,25.6,1.3
1990,full-time,manufacturing,electronic products,47.4,42.3,5.1
1990,part-time,manufacturing,electronic products,22.3,21.3,1.1
1990,full-time,manufacturing,medical and precision instruments,46.5,42.6,3.9
1990,part-time,manufacturing,medical and precision instruments,22.2,20.6,1.6
1990,full-time,manufacturing,transport equipment,52.8,43.7,9.1
1990,part-time,manufacturing,transport equipment,22.6,22.3,0.3
1990,full-time,manufacturing,other manufacturing industries,50.1,43.7,6.3
1990,part-time,manufacturing,other manufacturing industries,22.9,22.6,0.3
1990,full-time,construction,construction,50.1,44.6,5.5
1990,part-time,construction,construction,22.2,21.9,0.2
1990,full-time,services,wholesale and retail trade,44.8,42.6,2.2
1990,part-time,services,wholesale and retail trade,24.2,23.9,0.3
1990,full-time,services,hotels and restaurants,45.4,43.8,1.6
1990,part-time,services,hotels and restaurants,21.2,20.9,0.3
1990,full-time,services,"transport, storage and communications",47.8,43.1,4.7
1990,part-time,services,"transport, storage and communications",26.7,24.8,1.9
1990,full-time,services,financial intermediation,44.1,42.3,1.7
1990,part-time,services,financial intermediation,26.8,25.5,1.3
1990,full-time,services,business and real estate services,45.9,42.4,3.5
1990,part-time,services,business and real estate services,29.7,28.2,1.6
1990,full-time,services,"community, social and personal services",43,41.8,1.2
1990,part-time,services,"community, social and personal services",25.7,25.4,0.3
1990,full-time,others,others,48.5,44.2,4.3
1990,part-time,others,others,25.5,25.5,-
1991,full-time,manufacturing,"food, beverages and tobacco",47.8,43.4,4.4
1991,part-time,manufacturing,"food, beverages and tobacco",26.9,26.8,0.1
1991,full-time,manufacturing,textile and wearing apparel,50.5,43.9,6.7
1991,part-time,manufacturing,textile and wearing apparel,22.6,22.2,0.4
1991,full-time,manufacturing,paper products and publishing,49.6,42.9,6.7
1991,part-time,manufacturing,paper products and publishing,21.9,21.7,0.2
1991,full-time,manufacturing,petroleum and chemical products,48.3,42.9,5.5
1991,part-time,manufacturing,petroleum and chemical products,26.2,25.1,1.1
1991,full-time,manufacturing,rubber and plastic products,49.9,43.5,6.5
1991,part-time,manufacturing,rubber and plastic products,24.3,23.2,1.1
1991,full-time,manufacturing,fabricated metal products,50.8,43.7,7.1
1991,part-time,manufacturing,fabricated metal products,22.4,21.8,0.7
1991,full-time,manufacturing,machinery and equipment,50.2,43.5,6.7
1991,part-time,manufacturing,machinery and equipment,22.1,21.5,0.6
1991,full-time,manufacturing,electrical products,49.2,43.5,5.7
1991,part-time,manufacturing,electrical products,24.5,22.8,1.7
1991,full-time,manufacturing,electronic products,47.4,42.4,5
1991,part-time,manufacturing,electronic products,21.8,21,0.8
1991,full-time,manufacturing,medical and precision instruments,46.7,42.8,3.9
1991,part-time,manufacturing,medical and precision instruments,21.9,21.2,0.8
1991,full-time,manufacturing,transport equipment,53.2,44,9.2
1991,part-time,manufacturing,transport equipment,35.3,29,6.4
1991,full-time,manufacturing,other manufacturing industries,49.8,43.8,6
1991,part-time,manufacturing,other manufacturing industries,23.8,23.8,-
1991,full-time,construction,construction,49.8,44.7,5.1
1991,part-time,construction,construction,17.8,17.4,0.3
1991,full-time,services,wholesale and retail trade,44.7,42.6,2.1
1991,part-time,services,wholesale and retail trade,24.1,23.7,0.4
1991,full-time,services,hotels and restaurants,45.2,43.9,1.4
1991,part-time,services,hotels and restaurants,21.2,20.9,0.3
1991,full-time,services,"transport, storage and communications",47.7,43.2,4.6
1991,part-time,services,"transport, storage and communications",27.7,26.3,1.4
1991,full-time,services,financial intermediation,43.7,42.3,1.3
1991,part-time,services,financial intermediation,21.4,21.1,0.3
1991,full-time,services,business and real estate services,45.7,42.6,3.2
1991,part-time,services,business and real estate services,27,25.9,1.1
1991,full-time,services,"community, social and personal services",42.7,41.6,1.2
1991,part-time,services,"community, social and personal services",23.2,22.9,0.3
1991,full-time,others,others,47.9,44.2,3.7
1991,part-time,others,others,22.9,22.6,0.3
1992,full-time,manufacturing,"food, beverages and tobacco",47.7,43.4,4.3
1992,part-time,manufacturing,"food, beverages and tobacco",22.8,22.6,0.2
1992,full-time,manufacturing,textile and wearing apparel,50.3,44,6.3
1992,part-time,manufacturing,textile and wearing apparel,22.3,22.1,0.2
1992,full-time,manufacturing,paper products and publishing,49.4,42.7,6.7
1992,part-time,manufacturing,paper products and publishing,24.5,23.1,1.3
1992,full-time,manufacturing,petroleum and chemical products,48.4,43,5.4
1992,part-time,manufacturing,petroleum and chemical products,24.2,23.1,1.1
1992,full-time,manufacturing,rubber and plastic products,50,43.6,6.5
1992,part-time,manufacturing,rubber and plastic products,23.7,22.7,1
1992,full-time,manufacturing,fabricated metal products,51.2,43.6,7.7
1992,part-time,manufacturing,fabricated metal products,21.5,20.8,0.6
1992,full-time,manufacturing,machinery and equipment,50.6,43.5,7.1
1992,part-time,manufacturing,machinery and equipment,22.9,22.6,0.3
1992,full-time,manufacturing,electrical products,48.4,43.5,4.9
1992,part-time,manufacturing,electrical products,27.3,26.1,1.2
1992,full-time,manufacturing,electronic products,47.4,42.2,5.2
1992,part-time,manufacturing,electronic products,22,21.3,0.7
1992,full-time,manufacturing,medical and precision instruments,48.1,44,4.2
1992,part-time,manufacturing,medical and precision instruments,22.2,21.4,0.8
1992,full-time,manufacturing,transport equipment,52.8,44,8.8
1992,part-time,manufacturing,transport equipment,26.5,24,2.4
1992,full-time,manufacturing,other manufacturing industries,50,43.8,6.2
1992,part-time,manufacturing,other manufacturing industries,22.9,22.9,-
1992,full-time,construction,construction,50.2,44.8,5.4
1992,part-time,construction,construction,19.5,18.4,1.1
1992,full-time,services,wholesale and retail trade,44.7,42.7,2.1
1992,part-time,services,wholesale and retail trade,24.5,24.2,0.3
1992,full-time,services,hotels and restaurants,45.5,44.1,1.4
1992,part-time,services,hotels and restaurants,21.2,20.9,0.3
1992,full-time,services,"transport, storage and communications",47.3,43.4,3.9
1992,part-time,services,"transport, storage and communications",26.4,25.5,1
1992,full-time,services,financial intermediation,43.6,42.3,1.2
1992,part-time,services,financial intermediation,21.4,21.1,0.4
1992,full-time,services,business and real estate services,45.5,42.7,2.9
1992,part-time,services,business and real estate services,26.7,26,0.7
1992,full-time,services,"community, social and personal services",42.7,41.5,1.2
1992,part-time,services,"community, social and personal services",19.7,19.6,0.1
1992,full-time,others,others,46.9,44,2.9
1992,part-time,others,others,23.7,23.7,-
1993,full-time,manufacturing,"food, beverages and tobacco",47.6,43.4,4.2
1993,part-time,manufacturing,"food, beverages and tobacco",23,22.5,0.5
1993,full-time,manufacturing,textile and wearing apparel,49.7,43.9,5.8
1993,part-time,manufacturing,textile and wearing apparel,22.3,22.1,0.2
1993,full-time,manufacturing,paper products and publishing,49.3,42.6,6.7
1993,part-time,manufacturing,paper products and publishing,22.3,22.2,0.1
1993,full-time,manufacturing,petroleum and chemical products,48.5,42.9,5.5
1993,part-time,manufacturing,petroleum and chemical products,24.7,23.3,1.4
1993,full-time,manufacturing,rubber and plastic products,50.9,43.7,7.2
1993,part-time,manufacturing,rubber and plastic products,24.2,22.9,1.4
1993,full-time,manufacturing,fabricated metal products,50.9,43.5,7.4
1993,part-time,manufacturing,fabricated metal products,21.5,20.8,0.6
1993,full-time,manufacturing,machinery and equipment,50.2,43.5,6.7
1993,part-time,manufacturing,machinery and equipment,21.9,21.8,0.1
1993,full-time,manufacturing,electrical products,49.3,43.6,5.7
1993,part-time,manufacturing,electrical products,26.4,25.7,0.7
1993,full-time,manufacturing,electronic products,47.8,42.4,5.5
1993,part-time,manufacturing,electronic products,21.4,20.4,1.1
1993,full-time,manufacturing,medical and precision instruments,46.6,42.4,4.2
1993,part-time,manufacturing,medical and precision instruments,20.1,19.3,0.8
1993,full-time,manufacturing,transport equipment,52.8,43.9,8.9
1993,part-time,manufacturing,transport equipment,21.4,21,0.4
1993,full-time,manufacturing,other manufacturing industries,50.5,43.8,6.7
1993,part-time,manufacturing,other manufacturing industries,23.8,23.7,0.1
1993,full-time,construction,construction,50.5,44.9,5.6
1993,part-time,construction,construction,21.8,21.7,0.1
1993,full-time,services,wholesale and retail trade,44.9,42.7,2.2
1993,part-time,services,wholesale and retail trade,24,23.7,0.3
1993,full-time,services,hotels and restaurants,45.6,44,1.6
1993,part-time,services,hotels and restaurants,21.9,21.6,0.3
1993,full-time,services,"transport, storage and communications",47.1,43.1,4
1993,part-time,services,"transport, storage and communications",26.6,26.1,0.5
1993,full-time,services,financial intermediation,43.7,42.1,1.6
1993,part-time,services,financial intermediation,21,20.5,0.5
1993,full-time,services,business and real estate services,45.3,42.5,2.8
1993,part-time,services,business and real estate services,26.2,25.4,0.8
1993,full-time,services,"community, social and personal services",42.6,41.4,1.2
1993,part-time,services,"community, social and personal services",21.2,21.1,0.1
1993,full-time,others,others,45.9,44.1,1.9
1993,part-time,others,others,26.1,26.1,0.1
1994,full-time,manufacturing,"food, beverages and tobacco",47.4,43.4,4
1994,part-time,manufacturing,"food, beverages and tobacco",21.6,21,0.6
1994,full-time,manufacturing,textile and wearing apparel,49.6,43.9,5.7
1994,part-time,manufacturing,textile and wearing apparel,22.8,22.7,0.1
1994,full-time,manufacturing,paper products and publishing,49.6,42.6,7
1994,part-time,manufacturing,paper products and publishing,23,22.8,0.2
1994,full-time,manufacturing,petroleum and chemical products,48.6,42.9,5.8
1994,part-time,manufacturing,petroleum and chemical products,26,24.4,1.6
1994,full-time,manufacturing,rubber and plastic products,51.1,43.7,7.4
1994,part-time,manufacturing,rubber and plastic products,25,23.3,1.7
1994,full-time,manufacturing,fabricated metal products,51.5,43.4,8.1
1994,part-time,manufacturing,fabricated metal products,21.5,20.7,0.8
1994,full-time,manufacturing,machinery and equipment,51.1,43.5,7.6
1994,part-time,manufacturing,machinery and equipment,22.9,22.6,0.3
1994,full-time,manufacturing,electrical products,50.9,43.4,7.4
1994,part-time,manufacturing,electrical products,26.5,25.3,1.3
1994,full-time,manufacturing,electronic products,48.3,42.2,6.1
1994,part-time,manufacturing,electronic products,22.8,21.7,1
1994,full-time,manufacturing,medical and precision instruments,47.4,42.3,5.1
1994,part-time,manufacturing,medical and precision instruments,21.8,20.9,0.9
1994,full-time,manufacturing,transport equipment,52.7,43.9,8.7
1994,part-time,manufacturing,transport equipment,17.7,17.4,0.3
1994,full-time,manufacturing,other manufacturing industries,50.7,43.8,6.8
1994,part-time,manufacturing,other manufacturing industries,22.6,22.4,0.2
1994,full-time,construction,construction,51,44.9,6.2
1994,part-time,construction,construction,21.2,21,0.2
1994,full-time,services,wholesale and retail trade,44.9,42.6,2.3
1994,part-time,services,wholesale and retail trade,24.5,24.2,0.3
1994,full-time,services,hotels and restaurants,45.6,43.8,1.8
1994,part-time,services,hotels and restaurants,22.2,21.8,0.4
1994,full-time,services,"transport, storage and communications",47.1,43.2,3.9
1994,part-time,services,"transport, storage and communications",25,24.5,0.5
1994,full-time,services,financial intermediation,43.6,42.2,1.3
1994,part-time,services,financial intermediation,21.1,20.9,0.2
1994,full-time,services,business and real estate services,45.1,42.5,2.6
1994,part-time,services,business and real estate services,25.2,24.8,0.5
1994,full-time,services,"community, social and personal services",42.5,41.4,1.2
1994,part-time,services,"community, social and personal services",21.2,21,0.2
1994,full-time,others,others,45.8,44.3,1.5
1994,part-time,others,others,31.1,31,-
1995,full-time,manufacturing,"food, beverages and tobacco",47.3,43.5,3.8
1995,part-time,manufacturing,"food, beverages and tobacco",20.6,20.2,0.5
1995,full-time,manufacturing,textile and wearing apparel,49.6,44,5.6
1995,part-time,manufacturing,textile and wearing apparel,20.9,20.8,0.1
1995,full-time,manufacturing,paper products and publishing,49.8,43,6.8
1995,part-time,manufacturing,paper products and publishing,23.8,23.5,0.4
1995,full-time,manufacturing,petroleum and chemical products,48.7,43,5.7
1995,part-time,manufacturing,petroleum and chemical products,26.1,24.6,1.5
1995,full-time,manufacturing,rubber and plastic products,51,43.7,7.3
1995,part-time,manufacturing,rubber and plastic products,24.7,23.3,1.3
1995,full-time,manufacturing,fabricated metal products,51.8,43.5,8.3
1995,part-time,manufacturing,fabricated metal products,22.5,21.2,1.3
1995,full-time,manufacturing,machinery and equipment,51.2,43.6,7.6
1995,part-time,manufacturing,machinery and equipment,22,21.6,0.4
1995,full-time,manufacturing,electrical products,50.2,43.4,6.8
1995,part-time,manufacturing,electrical products,27.3,25.5,1.8
1995,full-time,manufacturing,electronic products,48.1,42.2,5.9
1995,part-time,manufacturing,electronic products,23.4,22.3,1.1
1995,full-time,manufacturing,medical and precision instruments,48.5,43,5.5
1995,part-time,manufacturing,medical and precision instruments,21.4,20.3,1.1
1995,full-time,manufacturing,transport equipment,53.3,43.9,9.3
1995,part-time,manufacturing,transport equipment,19.6,19.6,0.1
1995,full-time,manufacturing,other manufacturing industries,51.2,43.9,7.3
1995,part-time,manufacturing,other manufacturing industries,22.2,22,0.2
1995,full-time,construction,construction,51.5,45,6.5
1995,part-time,construction,construction,20.3,20,0.3
1995,full-time,services,wholesale and retail trade,44.7,42.5,2.1
1995,part-time,services,wholesale and retail trade,24.7,24.4,0.3
1995,full-time,services,hotels and restaurants,45.3,43.7,1.6
1995,part-time,services,hotels and restaurants,24.1,23.6,0.5
1995,full-time,services,"transport, storage and communications",47.3,43.3,4
1995,part-time,services,"transport, storage and communications",22.9,22.3,0.6
1995,full-time,services,financial intermediation,43.3,42.1,1.1
1995,part-time,services,financial intermediation,20.4,20.1,0.3
1995,full-time,services,business and real estate services,45.1,42.5,2.7
1995,part-time,services,business and real estate services,23.9,23.6,0.3
1995,full-time,services,"community, social and personal services",42.7,41.5,1.3
1995,part-time,services,"community, social and personal services",21.2,21,0.2
1995,full-time,others,others,46,44.3,1.7
1995,part-time,others,others,31.7,31.6,0.1
1996,full-time,manufacturing,"food, beverages and tobacco",47.3,43.4,3.9
1996,part-time,manufacturing,"food, beverages and tobacco",21.4,21.1,0.3
1996,full-time,manufacturing,textile and wearing apparel,49.1,43.9,5.2
1996,part-time,manufacturing,textile and wearing apparel,22.1,22,-
1996,full-time,manufacturing,paper products and publishing,50.1,43.1,7
1996,part-time,manufacturing,paper products and publishing,23.1,22.9,0.2
1996,full-time,manufacturing,petroleum and chemical products,48.4,43,5.4
1996,part-time,manufacturing,petroleum and chemical products,27.5,25.4,2.1
1996,full-time,manufacturing,rubber and plastic products,50.1,43.8,6.3
1996,part-time,manufacturing,rubber and plastic products,24.5,23.1,1.4
1996,full-time,manufacturing,fabricated metal products,50.9,43.5,7.5
1996,part-time,manufacturing,fabricated metal products,22,20.7,1.3
1996,full-time,manufacturing,machinery and equipment,50.7,43.6,7.2
1996,part-time,manufacturing,machinery and equipment,22.4,21,1.4
1996,full-time,manufacturing,electrical products,50.1,43.4,6.7
1996,part-time,manufacturing,electrical products,26.5,24.8,1.7
1996,full-time,manufacturing,electronic products,47.6,42.2,5.3
1996,part-time,manufacturing,electronic products,22.7,21.4,1.2
1996,full-time,manufacturing,medical and precision instruments,49.3,42.5,6.8
1996,part-time,manufacturing,medical and precision instruments,22.7,21.8,0.9
1996,full-time,manufacturing,transport equipment,53.8,44,9.8
1996,part-time,manufacturing,transport equipment,20.3,19.5,0.8
1996,full-time,manufacturing,other manufacturing industries,51.3,43.9,7.4
1996,part-time,manufacturing,other manufacturing industries,23.3,23.1,0.2
1996,full-time,construction,construction,52,45,7
1996,part-time,construction,construction,22.4,22.3,0.1
1996,full-time,services,wholesale and retail trade,44.8,42.5,2.3
1996,part-time,services,wholesale and retail trade,24,23.8,0.2
1996,full-time,services,hotels and restaurants,45.7,44.1,1.6
1996,part-time,services,hotels and restaurants,25.9,25.5,0.4
1996,full-time,services,"transport, storage and communications",47.3,43.5,3.8
1996,part-time,services,"transport, storage and communications",25,23.9,1
1996,full-time,services,financial intermediation,43.2,42.1,1.1
1996,part-time,services,financial intermediation,20.4,20.1,0.3
1996,full-time,services,business and real estate services,45,42.4,2.5
1996,part-time,services,business and real estate services,24.3,24,0.3
1996,full-time,services,"community, social and personal services",42.7,41.4,1.3
1996,part-time,services,"community, social and personal services",23.1,22.6,0.5
1996,full-time,others,others,46.9,44.6,2.3
1996,part-time,others,others,31.4,31.4,-
1997,full-time,manufacturing,"food, beverages and tobacco",47.3,43.4,3.9
1997,part-time,manufacturing,"food, beverages and tobacco",22.9,22.1,0.7
1997,full-time,manufacturing,textile and wearing apparel,49.7,44,5.7
1997,part-time,manufacturing,textile and wearing apparel,22.1,22.1,-
1997,full-time,manufacturing,paper products and publishing,49.6,43,6.6
1997,part-time,manufacturing,paper products and publishing,23,22.7,0.3
1997,full-time,manufacturing,petroleum and chemical products,48.7,43,5.7
1997,part-time,manufacturing,petroleum and chemical products,27.2,25.2,2
1997,full-time,manufacturing,rubber and plastic products,51,43.8,7.2
1997,part-time,manufacturing,rubber and plastic products,24.7,23.3,1.4
1997,full-time,manufacturing,fabricated metal products,51.1,43.5,7.6
1997,part-time,manufacturing,fabricated metal products,22,21.3,0.7
1997,full-time,manufacturing,machinery and equipment,51.1,43.5,7.6
1997,part-time,manufacturing,machinery and equipment,21.6,20.7,1
1997,full-time,manufacturing,electrical products,50.3,43.3,7
1997,part-time,manufacturing,electrical products,27.5,25,2.5
1997,full-time,manufacturing,electronic products,47.8,42.2,5.6
1997,part-time,manufacturing,electronic products,22.8,20.9,1.8
1997,full-time,manufacturing,medical and precision instruments,47.4,42.8,4.6
1997,part-time,manufacturing,medical and precision instruments,22.4,22.2,0.2
1997,full-time,manufacturing,transport equipment,54.1,44,10.1
1997,part-time,manufacturing,transport equipment,17.7,17.5,0.2
1997,full-time,manufacturing,other manufacturing industries,51.6,44,7.6
1997,part-time,manufacturing,other manufacturing industries,22.4,22.1,0.3
1997,full-time,construction,construction,52.1,45,7.1
1997,part-time,construction,construction,22.1,21.6,0.5
1997,full-time,services,wholesale and retail trade,44.6,42.5,2.1
1997,part-time,services,wholesale and retail trade,24.8,24.4,0.5
1997,full-time,services,hotels and restaurants,45.9,44.2,1.7
1997,part-time,services,hotels and restaurants,24,23.5,0.4
1997,full-time,services,"transport, storage and communications",47.2,43.4,3.9
1997,part-time,services,"transport, storage and communications",24.9,24.2,0.7
1997,full-time,services,financial intermediation,43.2,42.1,1.1
1997,part-time,services,financial intermediation,22.3,21.8,0.5
1997,full-time,services,business and real estate services,45.1,42.5,2.7
1997,part-time,services,business and real estate services,24.6,24.3,0.4
1997,full-time,services,"community, social and personal services",42.9,41.6,1.2
1997,part-time,services,"community, social and personal services",22.5,22,0.5
1997,full-time,others,others,48,44.3,3.7
1997,part-time,others,others,23.7,31.6,-
1998,full-time,manufacturing,"food, beverages and tobacco",46.3,43.5,2.8
1998,part-time,manufacturing,"food, beverages and tobacco",23.3,22.8,0.6
1998,full-time,manufacturing,textile and wearing apparel,50.2,43.9,6.2
1998,part-time,manufacturing,textile and wearing apparel,21.7,21.7,-
1998,full-time,manufacturing,paper products and publishing,49.6,43.4,6.2
1998,part-time,manufacturing,paper products and publishing,23.1,22.7,0.4
1998,full-time,manufacturing,petroleum and chemical products,47.3,42.8,4.5
1998,part-time,manufacturing,petroleum and chemical products,22.9,22.2,0.7
1998,full-time,manufacturing,rubber and plastic products,49.1,43.4,5.7
1998,part-time,manufacturing,rubber and plastic products,22.3,21.4,0.9
1998,full-time,manufacturing,fabricated metal products,51.1,43.7,7.4
1998,part-time,manufacturing,fabricated metal products,20.8,20.2,0.6
1998,full-time,manufacturing,machinery and equipment,50.8,43.6,7.2
1998,part-time,manufacturing,machinery and equipment,20.9,20.7,0.2
1998,full-time,manufacturing,electrical products,48.4,43.3,5.1
1998,part-time,manufacturing,electrical products,21.8,21.3,0.5
1998,full-time,manufacturing,electronic products,46.2,42,4.1
1998,part-time,manufacturing,electronic products,23.1,22.4,0.7
1998,full-time,manufacturing,medical and precision instruments,46.1,42.2,3.9
1998,part-time,manufacturing,medical and precision instruments,24.9,23.3,1.7
1998,full-time,manufacturing,transport equipment,53.7,44,9.7
1998,part-time,manufacturing,transport equipment,18.7,18.5,0.2
1998,full-time,manufacturing,other manufacturing industries,50,44,6
1998,part-time,manufacturing,other manufacturing industries,21.4,21.3,0.1
1998,full-time,construction,construction,51.8,44.9,6.9
1998,part-time,construction,construction,21.3,21.2,0.1
1998,full-time,services,wholesale and retail trade,44.3,42.4,1.9
1998,part-time,services,wholesale and retail trade,23.5,23.3,0.3
1998,full-time,services,hotels and restaurants,45.2,44.2,1
1998,part-time,services,hotels and restaurants,21.7,21.4,0.3
1998,full-time,services,"transport, storage and communications",46.6,43.1,3.5
1998,part-time,services,"transport, storage and communications",25.3,24.5,0.8
1998,full-time,services,financial intermediation,43.3,42.1,1.2
1998,part-time,services,financial intermediation,23.3,22.9,0.4
1998,full-time,services,business and real estate services,45,42.6,2.4
1998,part-time,services,business and real estate services,24.8,24.4,0.4
1998,full-time,services,"community, social and personal services",42.8,41.7,1.1
1998,part-time,services,"community, social and personal services",24,23.7,0.3
1998,full-time,others,others,50.4,44.8,5.7
1998,part-time,others,others,22.2,21.7,0.5
1999,full-time,manufacturing,"food, beverages and tobacco",46.6,43.7,2.9
1999,part-time,manufacturing,"food, beverages and tobacco",19.8,18.8,1
1999,full-time,manufacturing,textile and wearing apparel,50.6,44,6.7
1999,part-time,manufacturing,textile and wearing apparel,21.3,21.3,-
1999,full-time,manufacturing,paper products and publishing,50.3,43.5,6.7
1999,part-time,manufacturing,paper products and publishing,24.3,23,1.3
1999,full-time,manufacturing,petroleum and chemical products,47.7,42.8,4.8
1999,part-time,manufacturing,petroleum and chemical products,21.6,20.6,1
1999,full-time,manufacturing,rubber and plastic products,50.3,43.7,6.6
1999,part-time,manufacturing,rubber and plastic products,21.3,20.2,1.2
1999,full-time,manufacturing,fabricated metal products,51.7,43.7,8
1999,part-time,manufacturing,fabricated metal products,21.3,19.7,1.7
1999,full-time,manufacturing,machinery and equipment,50.9,43.7,7.2
1999,part-time,manufacturing,machinery and equipment,20.8,20.6,0.3
1999,full-time,manufacturing,electrical products,48.8,43.3,5.5
1999,part-time,manufacturing,electrical products,18.8,18,0.9
1999,full-time,manufacturing,electronic products,47.4,42.3,5.1
1999,part-time,manufacturing,electronic products,22.4,21.7,0.7
1999,full-time,manufacturing,medical and precision instruments,47,42.6,4.5
1999,part-time,manufacturing,medical and precision instruments,25.7,23.4,2.3
1999,full-time,manufacturing,transport equipment,53.4,44.1,9.3
1999,part-time,manufacturing,transport equipment,18.8,18.7,0.1
1999,full-time,manufacturing,other manufacturing industries,50.9,44,6.9
1999,part-time,manufacturing,other manufacturing industries,20.3,20.2,0.1
1999,full-time,construction,construction,51.5,44.8,6.7
1999,part-time,construction,construction,20.2,20.2,-
1999,full-time,services,wholesale and retail trade,44.7,42.5,2.2
1999,part-time,services,wholesale and retail trade,24.3,23.6,0.7
1999,full-time,services,hotels and restaurants,45.3,44.1,1.2
1999,part-time,services,hotels and restaurants,22.8,22.5,0.3
1999,full-time,services,"transport, storage and communications",46.4,43,3.4
1999,part-time,services,"transport, storage and communications",24.8,24.4,0.5
1999,full-time,services,financial intermediation,43.3,42.2,1.1
1999,part-time,services,financial intermediation,22.8,22.4,0.4
1999,full-time,services,business and real estate services,45.1,42.7,2.4
1999,part-time,services,business and real estate services,23,22.8,0.3
1999,full-time,services,"community, social and personal services",42.8,41.7,1.1
1999,part-time,services,"community, social and personal services",23.4,23.1,0.3
1999,full-time,others,others,48.9,43.8,5.1
1999,part-time,others,others,22.5,22.3,0.3
2000,full-time,manufacturing,"food, beverages and tobacco",47.4,43.7,3.7
2000,part-time,manufacturing,"food, beverages and tobacco",27.5,26.5,1
2000,full-time,manufacturing,paper products and printing,51.8,43.6,8.2
2000,part-time,manufacturing,paper products and printing,23.3,22.8,0.5
2000,full-time,manufacturing,"petroleum, chemical and pharmaceutical products",45.8,42.1,3.7
2000,part-time,manufacturing,"petroleum, chemical and pharmaceutical products",22.6,21.3,1.3
2000,full-time,manufacturing,rubber and plastic products,51.2,43.8,7.4
2000,part-time,manufacturing,rubber and plastic products,24.1,22.9,1.3
2000,full-time,manufacturing,fabricated metal products,52.2,43.7,8.4
2000,part-time,manufacturing,fabricated metal products,23.6,20.6,3
2000,full-time,manufacturing,machinery and equipment,51.1,43.4,7.6
2000,part-time,manufacturing,machinery and equipment,22.8,22.5,0.3
2000,full-time,manufacturing,electrical products,50.1,43.2,6.8
2000,part-time,manufacturing,electrical products,22.9,21.9,0.9
2000,full-time,manufacturing,electronic products,48.4,42.4,6
2000,part-time,manufacturing,electronic products,21.4,20.7,0.6
2000,full-time,manufacturing,medical and precision instruments,48.7,43.1,5.6
2000,part-time,manufacturing,medical and precision instruments,26.1,22.7,3.4
2000,full-time,manufacturing,transport equipment,53.4,44,9.4
2000,part-time,manufacturing,transport equipment,20.3,20.1,0.2
2000,full-time,manufacturing,other manufacturing industries,51.1,43.8,7.2
2000,part-time,manufacturing,other manufacturing industries,21.4,21.1,0.3
2000,full-time,construction,construction,51.7,45,6.8
2000,part-time,construction,construction,20.2,20.1,0.1
2000,full-time,services,wholesale and retail trade,44.6,42.4,2.2
2000,part-time,services,wholesale and retail trade,24.4,23.9,0.5
2000,full-time,services,transport and storage,46.9,43.2,3.7
2000,part-time,services,transport and storage,24.7,24.2,0.5
2000,full-time,services,hotels and restaurants,45.8,44.3,1.5
2000,part-time,services,hotels and restaurants,22.6,22.1,0.4
2000,full-time,services,information and communications,42.8,42,0.7
2000,part-time,services,information and communications,20.9,20.6,0.3
2000,full-time,services,financial services,43.4,42.4,1
2000,part-time,services,financial services,22.8,22,0.7
2000,full-time,services,real estate and leasing services,45.7,43.5,2.2
2000,part-time,services,real estate and leasing services,23.7,23.4,0.3
2000,full-time,services,professional services,44.1,42,2.1
2000,part-time,services,professional services,18.2,18.1,0.1
2000,full-time,services,administrative and support services,51.9,45,6.9
2000,part-time,services,administrative and support services,20.7,20.5,0.2
2000,full-time,services,"community, social and personal services",42.7,41.7,1
2000,part-time,services,"community, social and personal services",20.5,20.3,0.2
2000,full-time,others,others,47.4,43.5,3.9
2000,part-time,others,others,29.9,29.9,-
2001,full-time,manufacturing,"food, beverages and tobacco",47.8,43.6,4.2
2001,part-time,manufacturing,"food, beverages and tobacco",25,23.8,1.1
2001,full-time,manufacturing,paper products and printing,49.3,43.3,6
2001,part-time,manufacturing,paper products and printing,22.6,21.9,0.8
2001,full-time,manufacturing,"petroleum, chemical and pharmaceutical products",45.1,42.1,3
2001,part-time,manufacturing,"petroleum, chemical and pharmaceutical products",22.6,21.8,0.8
2001,full-time,manufacturing,rubber and plastic products,48.9,43.5,5.4
2001,part-time,manufacturing,rubber and plastic products,22.9,22.3,0.6
2001,full-time,manufacturing,fabricated metal products,50.4,43.8,6.6
2001,part-time,manufacturing,fabricated metal products,22.5,20.7,1.8
2001,full-time,manufacturing,machinery and equipment,49.9,43.4,6.5
2001,part-time,manufacturing,machinery and equipment,20.6,20.6,0.1
2001,full-time,manufacturing,electrical products,47.6,43.1,4.5
2001,part-time,manufacturing,electrical products,20.1,19.9,0.2
2001,full-time,manufacturing,electronic products,45.9,42.2,3.7
2001,part-time,manufacturing,electronic products,21,20.7,0.3
2001,full-time,manufacturing,medical and precision instruments,47.4,42.9,4.5
2001,part-time,manufacturing,medical and precision instruments,24.9,21.7,3.2
2001,full-time,manufacturing,transport equipment,54.4,44.1,10.3
2001,part-time,manufacturing,transport equipment,22.7,22.1,0.6
2001,full-time,manufacturing,other manufacturing industries,49.8,43.8,6
2001,part-time,manufacturing,other manufacturing industries,21.3,21.3,-
2001,full-time,construction,construction,51.1,44.8,6.3
2001,part-time,construction,construction,19.2,18.9,0.2
2001,full-time,services,wholesale and retail trade,44.3,42.5,1.8
2001,part-time,services,wholesale and retail trade,24.2,23.8,0.4
2001,full-time,services,transport and storage,46.4,43.2,3.2
2001,part-time,services,transport and storage,24.2,23.9,0.3
2001,full-time,services,hotels and restaurants,45.6,44.3,1.3
2001,part-time,services,hotels and restaurants,20.7,20.3,0.4
2001,full-time,services,information and communications,42.5,42,0.5
2001,part-time,services,information and communications,22.9,22.7,0.2
2001,full-time,services,financial services,43.2,42.3,0.9
2001,part-time,services,financial services,22.1,21.6,0.5
2001,full-time,services,real estate and leasing services,45.4,43.6,1.8
2001,part-time,services,real estate and leasing services,22.7,22.6,0.1
2001,full-time,services,professional services,43.6,41.8,1.8
2001,part-time,services,professional services,17.8,17.6,0.2
2001,full-time,services,administrative and support services,51.8,46,5.8
2001,part-time,services,administrative and support services,23.4,22.3,1.1
2001,full-time,services,"community, social and personal services",42.8,41.9,1
2001,part-time,services,"community, social and personal services",20.1,19.9,0.2
2001,full-time,others,others,48.1,43.6,4.5
2001,part-time,others,others,29.7,29.6,0.1
2002,full-time,manufacturing,"food, beverages and tobacco",48,43.7,4.3
2002,part-time,manufacturing,"food, beverages and tobacco",24.6,23.7,1
2002,full-time,manufacturing,paper products and printing,49.9,43.5,6.4
2002,part-time,manufacturing,paper products and printing,20.2,19.8,0.4
2002,full-time,manufacturing,"petroleum, chemical and pharmaceutical products",44.9,41.8,3.2
2002,part-time,manufacturing,"petroleum, chemical and pharmaceutical products",22.1,22,-
2002,full-time,manufacturing,rubber and plastic products,49.3,43,6.3
2002,part-time,manufacturing,rubber and plastic products,23.5,22.7,0.8
2002,full-time,manufacturing,fabricated metal products,51.2,43.6,7.6
2002,part-time,manufacturing,fabricated metal products,22,19.7,2.2
2002,full-time,manufacturing,machinery and equipment,50.4,43.5,6.8
2002,part-time,manufacturing,machinery and equipment,18.7,18.7,-
2002,full-time,manufacturing,electrical products,48.3,42.8,5.4
2002,part-time,manufacturing,electrical products,22.5,22.1,0.4
2002,full-time,manufacturing,electronic products,46.8,42,4.8
2002,part-time,manufacturing,electronic products,22.9,21.8,1.1
2002,full-time,manufacturing,medical and precision instruments,47.8,42.9,4.9
2002,part-time,manufacturing,medical and precision instruments,25.3,22.2,3.1
2002,full-time,manufacturing,transport equipment,53.1,44.2,8.9
2002,part-time,manufacturing,transport equipment,22.2,22.1,0.1
2002,full-time,manufacturing,other manufacturing industries,49.6,43.6,6
2002,part-time,manufacturing,other manufacturing industries,20.4,20.1,0.2
2002,full-time,construction,construction,50.9,44.8,6.1
2002,part-time,construction,construction,18.8,18.8,-
2002,full-time,services,wholesale and retail trade,44.1,42.2,1.9
2002,part-time,services,wholesale and retail trade,24.8,24.5,0.3
2002,full-time,services,transport and storage,46.1,43.2,2.9
2002,part-time,services,transport and storage,29.1,28.8,0.3
2002,full-time,services,hotels and restaurants,45.5,44.4,1.1
2002,part-time,services,hotels and restaurants,21.2,20.9,0.3
2002,full-time,services,information and communications,42.5,42.1,0.4
2002,part-time,services,information and communications,22.9,22.2,0.6
2002,full-time,services,financial services,42.8,42.1,0.7
2002,part-time,services,financial services,21.5,21.3,0.2
2002,full-time,services,real estate and leasing services,45.1,43.3,1.8
2002,part-time,services,real estate and leasing services,23.9,23.6,0.3
2002,full-time,services,professional services,43.3,41.6,1.8
2002,part-time,services,professional services,20.4,20.1,0.3
2002,full-time,services,administrative and support services,51,45,6
2002,part-time,services,administrative and support services,25.4,24.6,0.8
2002,full-time,services,"community, social and personal services",42.8,41.9,0.9
2002,part-time,services,"community, social and personal services",19.6,19.3,0.2
2002,full-time,others,others,46.9,43.4,3.5
2002,part-time,others,others,29.6,29.4,0.1
2003,full-time,manufacturing,"food, beverages and tobacco",48.2,43.8,4.4
2003,part-time,manufacturing,"food, beverages and tobacco",25.7,24.9,0.9
2003,full-time,manufacturing,paper products and printing,50.8,43.6,7.2
2003,part-time,manufacturing,paper products and printing,21.1,20.1,1.1
2003,full-time,manufacturing,"petroleum, chemical and pharmaceutical products",45,41.8,3.2
2003,part-time,manufacturing,"petroleum, chemical and pharmaceutical products",22.3,22.2,0.1
2003,full-time,manufacturing,rubber and plastic products,50.2,43.5,6.7
2003,part-time,manufacturing,rubber and plastic products,22.4,21.5,1
2003,full-time,manufacturing,fabricated metal products,51.8,43.8,8
2003,part-time,manufacturing,fabricated metal products,23,20.7,2.3
2003,full-time,manufacturing,machinery and equipment,50.7,43.6,7.2
2003,part-time,manufacturing,machinery and equipment,19.4,19.4,-
2003,full-time,manufacturing,electrical products,48.3,43,5.3
2003,part-time,manufacturing,electrical products,26.6,26.5,0.1
2003,full-time,manufacturing,electronic products,46.9,42,4.9
2003,part-time,manufacturing,electronic products,22.3,21.7,0.5
2003,full-time,manufacturing,medical and precision instruments,48.7,43,5.7
2003,part-time,manufacturing,medical and precision instruments,24.3,22.5,1.7
2003,full-time,manufacturing,transport equipment,52.6,44.2,8.4
2003,part-time,manufacturing,transport equipment,21.9,21.8,-
2003,full-time,manufacturing,other manufacturing industries,49.6,43.6,6
2003,part-time,manufacturing,other manufacturing industries,21.9,21.7,0.2
2003,full-time,construction,construction,51.3,44.8,6.5
2003,part-time,construction,construction,20.4,20.3,0.1
2003,full-time,services,wholesale and retail trade,44.2,42.3,1.9
2003,part-time,services,wholesale and retail trade,24.4,24.2,0.2
2003,full-time,services,transport and storage,46,43.2,2.8
2003,part-time,services,transport and storage,27,26.6,0.4
2003,full-time,services,hotels and restaurants,45.5,44.6,0.9
2003,part-time,services,hotels and restaurants,20.5,20.3,0.3
2003,full-time,services,information and communications,42.4,41.9,0.4
2003,part-time,services,information and communications,22.7,21.6,1.1
2003,full-time,services,financial services,42.8,42.2,0.6
2003,part-time,services,financial services,21.3,21,0.3
2003,full-time,services,real estate and leasing services,45.6,43.7,1.9
2003,part-time,services,real estate and leasing services,24.6,24.2,0.3
2003,full-time,services,professional services,43.5,41.7,1.7
2003,part-time,services,professional services,20.6,20.3,0.3
2003,full-time,services,administrative and support services,50.7,44.7,6
2003,part-time,services,administrative and support services,26.9,25.6,1.3
2003,full-time,services,"community, social and personal services",42.7,42,0.8
2003,part-time,services,"community, social and personal services",20.2,20.1,0.2
2003,full-time,others,others,46.4,43.4,3.1
2003,part-time,others,others,29.9,29.7,0.2
2004,full-time,manufacturing,"food, beverages and tobacco",47.9,44,3.9
2004,part-time,manufacturing,"food, beverages and tobacco",26.6,24.8,1.8
2004,full-time,manufacturing,paper products and printing,51.2,43.6,7.5
2004,part-time,manufacturing,paper products and printing,24.8,23.3,1.5
2004,full-time,manufacturing,"petroleum, chemical and pharmaceutical products",45.5,42.3,3.2
2004,part-time,manufacturing,"petroleum, chemical and pharmaceutical products",22.3,21.7,0.6
2004,full-time,manufacturing,rubber and plastic products,50.9,43.7,7.2
2004,part-time,manufacturing,rubber and plastic products,18.6,18.3,0.3
2004,full-time,manufacturing,fabricated metal products,52,43.7,8.3
2004,part-time,manufacturing,fabricated metal products,24.3,22.3,2
2004,full-time,manufacturing,machinery and equipment,51.8,43.5,8.2
2004,part-time,manufacturing,machinery and equipment,19.6,19.4,0.2
2004,full-time,manufacturing,electrical products,49.7,42.9,6.8
2004,part-time,manufacturing,electrical products,22.7,22.6,0.1
2004,full-time,manufacturing,electronic products,47.7,42.2,5.6
2004,part-time,manufacturing,electronic products,22.4,21.8,0.7
2004,full-time,manufacturing,medical and precision instruments,49.3,42.9,6.3
2004,part-time,manufacturing,medical and precision instruments,23.5,21,2.5
2004,full-time,manufacturing,transport equipment,53.2,44.1,9.1
2004,part-time,manufacturing,transport equipment,21.2,21.2,-
2004,full-time,manufacturing,other manufacturing industries,50.4,43.8,6.6
2004,part-time,manufacturing,other manufacturing industries,19,18.7,0.3
2004,full-time,construction,construction,51.9,44.9,7
2004,part-time,construction,construction,20.5,20.5,-
2004,full-time,services,wholesale and retail trade,44.4,42.5,1.9
2004,part-time,services,wholesale and retail trade,25.9,25.6,0.4
2004,full-time,services,transport and storage,46.1,43.3,2.8
2004,part-time,services,transport and storage,28.1,27.8,0.3
2004,full-time,services,hotels and restaurants,45.8,44.7,1.1
2004,part-time,services,hotels and restaurants,20.6,20.2,0.4
2004,full-time,services,information and communications,42.2,41.8,0.5
2004,part-time,services,information and communications,21.7,21,0.7
2004,full-time,services,financial services,43.1,42.1,1
2004,part-time,services,financial services,21.4,21.1,0.3
2004,full-time,services,real estate and leasing services,45.4,43.7,1.7
2004,part-time,services,real estate and leasing services,22,21.7,0.3
2004,full-time,services,professional services,43.8,41.9,2
2004,part-time,services,professional services,22.2,22,0.2
2004,full-time,services,administrative and support services,51.3,44.9,6.4
2004,part-time,services,administrative and support services,28.7,28.4,0.3
2004,full-time,services,"community, social and personal services",42.7,41.9,0.7
2004,part-time,services,"community, social and personal services",21.2,21,0.2
2004,full-time,others,others,47.1,43.6,3.5
2004,part-time,others,others,29.6,29.5,0.1
2005,full-time,manufacturing,"food, beverages and tobacco",48,44.1,3.9
2005,part-time,manufacturing,"food, beverages and tobacco",24.9,23.2,1.7
2005,full-time,manufacturing,paper products and printing,51.5,43.7,7.8
2005,part-time,manufacturing,paper products and printing,24.9,21.9,3
2005,full-time,manufacturing,"petroleum, chemical and pharmaceutical products",45.3,42.1,3.1
2005,part-time,manufacturing,"petroleum, chemical and pharmaceutical products",22.9,21.7,1.1
2005,full-time,manufacturing,rubber and plastic products,50.9,43.8,7.1
2005,part-time,manufacturing,rubber and plastic products,22.9,21.8,1.1
2005,full-time,manufacturing,fabricated metal products,52.7,43.8,8.9
2005,part-time,manufacturing,fabricated metal products,21.3,20.3,1
2005,full-time,manufacturing,machinery and equipment,52.2,43.6,8.6
2005,part-time,manufacturing,machinery and equipment,19.1,18.6,0.5
2005,full-time,manufacturing,electrical products,49.8,42.8,7
2005,part-time,manufacturing,electrical products,21.6,21.5,0.1
2005,full-time,manufacturing,electronic products,48.1,42.4,5.7
2005,part-time,manufacturing,electronic products,22.5,21.7,0.8
2005,full-time,manufacturing,medical and precision instruments,48.9,42.8,6.1
2005,part-time,manufacturing,medical and precision instruments,24.8,21.6,3.2
2005,full-time,manufacturing,transport equipment,53.9,44.1,9.8
2005,part-time,manufacturing,transport equipment,19.2,19,0.2
2005,full-time,manufacturing,other manufacturing industries,50.6,43.8,6.8
2005,part-time,manufacturing,other manufacturing industries,20.5,20.2,0.3
2005,full-time,construction,construction,52.1,44.9,7.2
2005,part-time,construction,construction,19.8,19.7,-
2005,full-time,services,wholesale and retail trade,44.6,42.7,1.9
2005,part-time,services,wholesale and retail trade,26,25.6,0.4
2005,full-time,services,transport and storage,46.3,43.3,3
2005,part-time,services,transport and storage,26.4,25.8,0.7
2005,full-time,services,hotels and restaurants,45.9,44.7,1.1
2005,part-time,services,hotels and restaurants,21,20.8,0.2
2005,full-time,services,information and communications,42.4,41.9,0.6
2005,part-time,services,information and communications,21.6,19.6,1.9
2005,full-time,services,financial services,43.1,42.2,0.9
2005,part-time,services,financial services,21.7,21.3,0.4
2005,full-time,services,real estate and leasing services,45.8,43.8,2
2005,part-time,services,real estate and leasing services,22,21.7,0.2
2005,full-time,services,professional services,43.9,41.8,2.1
2005,part-time,services,professional services,20.6,20.4,0.2
2005,full-time,services,administrative and support services,51.6,45.5,6.1
2005,part-time,services,administrative and support services,26.4,26.2,0.2
2005,full-time,services,"community, social and personal services",43.1,42.3,0.8
2005,part-time,services,"community, social and personal services",20,19.4,0.6
2005,full-time,others,others,47.6,43.6,4
2005,part-time,others,others,24.4,24.4,0.1
2006,full-time,manufacturing,"food, beverages and tobacco",47.9,44.2,3.8
2006,part-time,manufacturing,"food, beverages and tobacco",24.5,24.1,0.5
2006,full-time,manufacturing,"paper,rubber,plastic products and printing",51.2,43.7,7.5
2006,part-time,manufacturing,"paper,rubber,plastic products and printing",25,22.1,2.9
2006,full-time,manufacturing,"petroleum, chemical and pharmaceutical products",45.4,42.2,3.2
2006,part-time,manufacturing,"petroleum, chemical and pharmaceutical products",23.9,23.7,0.2
2006,full-time,manufacturing,"fabricated metal products, machinery and equipment",52.7,43.7,9
2006,part-time,manufacturing,"fabricated metal products, machinery and equipment",22,21.8,0.2
2006,full-time,manufacturing,"electronic, computer and optical products",48.1,42.4,5.7
2006,part-time,manufacturing,"electronic, computer and optical products",23.3,22.1,1.2
2006,full-time,manufacturing,transport equipment,53.8,43.9,9.8
2006,part-time,manufacturing,transport equipment,20.2,20.2,-
2006,full-time,manufacturing,other manufacturing industries,50.4,43.3,7.2
2006,part-time,manufacturing,other manufacturing industries,22.4,22.2,0.2
2006,full-time,construction,construction,52.1,44.9,7.3
2006,part-time,construction,construction,19.5,19.5,-
2006,full-time,services,wholesale and retail trade,44.5,42.6,1.9
2006,part-time,services,wholesale and retail trade,23.5,23.2,0.3
2006,full-time,services,transportation and storage,46.1,43.2,2.9
2006,part-time,services,transportation and storage,26.9,26.4,0.5
2006,full-time,services,accommodation and food services,46,44.8,1.2
2006,part-time,services,accommodation and food services,19.9,19.7,0.3
2006,full-time,services,information and communications,42.4,41.9,0.5
2006,part-time,services,information and communications,22.2,20.1,2.1
2006,full-time,services,financial and insurance services,43.1,42.2,0.9
2006,part-time,services,financial and insurance services,21.9,21.5,0.4
2006,full-time,services,real estate services,44.8,43.5,1.3
2006,part-time,services,real estate services,22.1,21.9,0.2
2006,full-time,services,professional services,44.2,41.9,2.3
2006,part-time,services,professional services,22.6,22.5,0.1
2006,full-time,services,administrative and support services,50.9,44.7,6.2
2006,part-time,services,administrative and support services,24.9,24.2,0.7
2006,full-time,services,"community, social and personal services",42.5,42.1,0.4
2006,part-time,services,"community, social and personal services",21.2,20.9,0.3
2006,full-time,others,others,45.7,43,2.6
2006,part-time,others,others,23.9,23.7,0.1
2007,full-time,manufacturing,"food, beverages and tobacco",48.3,43.8,4.5
2007,part-time,manufacturing,"food, beverages and tobacco",23,22.5,0.4
2007,full-time,manufacturing,"paper,rubber,plastic products and printing",50.7,43.7,7.1
2007,part-time,manufacturing,"paper,rubber,plastic products and printing",28.1,22.9,5.2
2007,full-time,manufacturing,"petroleum, chemical and pharmaceutical products",45.5,42.3,3.2
2007,part-time,manufacturing,"petroleum, chemical and pharmaceutical products",24.8,24.1,0.7
2007,full-time,manufacturing,"fabricated metal products, machinery and equipment",53.1,43.6,9.5
2007,part-time,manufacturing,"fabricated metal products, machinery and equipment",24.4,23,1.4
2007,full-time,manufacturing,"electronic, computer and optical products",48.1,42.5,5.6
2007,part-time,manufacturing,"electronic, computer and optical products",22.5,22,0.5
2007,full-time,manufacturing,transport equipment,53.8,44,9.8
2007,part-time,manufacturing,transport equipment,20.4,20.4,-
2007,full-time,manufacturing,other manufacturing industries,50,43,7
2007,part-time,manufacturing,other manufacturing industries,23.6,23.3,0.3
2007,full-time,construction,construction,52.4,44.9,7.5
2007,part-time,construction,construction,19.4,19.3,-
2007,full-time,services,wholesale and retail trade,44.6,42.6,2
2007,part-time,services,wholesale and retail trade,25.3,25,0.3
2007,full-time,services,transportation and storage,45.9,43.1,2.8
2007,part-time,services,transportation and storage,29.3,28.6,0.7
2007,full-time,services,accommodation and food services,46.4,44.9,1.5
2007,part-time,services,accommodation and food services,20.9,20.5,0.4
2007,full-time,services,information and communications,42.3,41.8,0.5
2007,part-time,services,information and communications,21.4,20.3,1.1
2007,full-time,services,financial and insurance services,42.6,41.8,0.8
2007,part-time,services,financial and insurance services,25.6,25.1,0.4
2007,full-time,services,real estate services,44.9,43.6,1.3
2007,part-time,services,real estate services,22.3,22.1,0.2
2007,full-time,services,professional services,44.1,41.9,2.2
2007,part-time,services,professional services,21.3,21.2,0.1
2007,full-time,services,administrative and support services,49.9,44.4,5.5
2007,part-time,services,administrative and support services,25.1,24.2,0.8
2007,full-time,services,"community, social and personal services",42.5,42.1,0.4
2007,part-time,services,"community, social and personal services",21.6,21.4,0.2
2007,full-time,others,others,45.5,42.9,2.5
2007,part-time,others,others,24.7,24.7,-
2008,full-time,manufacturing,"food, beverages and tobacco",48.7,44,4.7
2008,part-time,manufacturing,"food, beverages and tobacco",22.5,22.3,0.2
2008,full-time,manufacturing,"paper,rubber,plastic products and printing",49.9,43.5,6.4
2008,part-time,manufacturing,"paper,rubber,plastic products and printing",28,24.3,3.7
2008,full-time,manufacturing,"petroleum, chemical and pharmaceutical products",45.6,42.4,3.1
2008,part-time,manufacturing,"petroleum, chemical and pharmaceutical products",24.1,24,-
2008,full-time,manufacturing,"fabricated metal products, machinery and equipment",52.5,43.7,8.9
2008,part-time,manufacturing,"fabricated metal products, machinery and equipment",22.4,22,0.4
2008,full-time,manufacturing,"electronic, computer and optical products",47.2,42.5,4.7
2008,part-time,manufacturing,"electronic, computer and optical products",24,23.2,0.8
2008,full-time,manufacturing,transport equipment,53.2,44,9.3
2008,part-time,manufacturing,transport equipment,21.4,21.2,0.2
2008,full-time,manufacturing,other manufacturing industries,49.5,43.2,6.4
2008,part-time,manufacturing,other manufacturing industries,17.2,17.1,0.1
2008,full-time,construction,construction,52.6,44.9,7.7
2008,part-time,construction,construction,20.5,20.4,-
2008,full-time,services,wholesale and retail trade,44.8,42.7,2.1
2008,part-time,services,wholesale and retail trade,26.6,26.3,0.3
2008,full-time,services,transportation and storage,46.3,43.1,3.1
2008,part-time,services,transportation and storage,28.6,27.9,0.7
2008,full-time,services,accommodation and food services,46.5,45,1.5
2008,part-time,services,accommodation and food services,23.7,23.4,0.3
2008,full-time,services,information and communications,42,41.6,0.4
2008,part-time,services,information and communications,18.5,17.3,1.2
2008,full-time,services,financial and insurance services,42.3,41.7,0.6
2008,part-time,services,financial and insurance services,22,21.8,0.2
2008,full-time,services,real estate services,44.9,43.4,1.4
2008,part-time,services,real estate services,23.7,23.6,0.1
2008,full-time,services,professional services,44.2,41.9,2.3
2008,part-time,services,professional services,22.6,22.4,0.2
2008,full-time,services,administrative and support services,49.4,44.4,5.1
2008,part-time,services,administrative and support services,24.5,23.4,1
2008,full-time,services,"community, social and personal services",42.6,42.2,0.4
2008,part-time,services,"community, social and personal services",22,21.7,0.3
2008,full-time,others,others,46.3,43.1,3.2
2008,part-time,others,others,23.9,23.9,0.1
2009,full-time,manufacturing,"food, beverages and tobacco",47.8,44,3.8
2009,part-time,manufacturing,"food, beverages and tobacco",26.5,25.1,1.4
2009,full-time,manufacturing,"paper,rubber,plastic products and printing",49,43.5,5.4
2009,part-time,manufacturing,"paper,rubber,plastic products and printing",27.4,26.8,0.7
2009,full-time,manufacturing,"petroleum, chemical and pharmaceutical products",45.3,42.5,2.8
2009,part-time,manufacturing,"petroleum, chemical and pharmaceutical products",25,24.1,0.9
2009,full-time,manufacturing,"fabricated metal products, machinery and equipment",51.3,43.6,7.6
2009,part-time,manufacturing,"fabricated metal products, machinery and equipment",20.4,20,0.4
2009,full-time,manufacturing,"electronic, computer and optical products",46.1,42.5,3.6
2009,part-time,manufacturing,"electronic, computer and optical products",22.4,22.3,0.1
2009,full-time,manufacturing,transport equipment,52.4,44,8.4
2009,part-time,manufacturing,transport equipment,21.4,21.2,0.2
2009,full-time,manufacturing,other manufacturing industries,49.5,43.1,6.3
2009,part-time,manufacturing,other manufacturing industries,21.1,21.1,-
2009,full-time,construction,construction,52.4,44.9,7.5
2009,part-time,construction,construction,21.4,21.2,0.2
2009,full-time,services,wholesale and retail trade,44.8,42.9,1.9
2009,part-time,services,wholesale and retail trade,29.1,28.8,0.3
2009,full-time,services,transportation and storage,45.6,43.1,2.5
2009,part-time,services,transportation and storage,28.2,27.6,0.5
2009,full-time,services,accommodation and food services,46.2,44.8,1.4
2009,part-time,services,accommodation and food services,24.5,24.2,0.3
2009,full-time,services,information and communications,42,41.6,0.4
2009,part-time,services,information and communications,20.1,19.1,1
2009,full-time,services,financial and insurance services,42.1,41.5,0.6
2009,part-time,services,financial and insurance services,21.4,21,0.4
2009,full-time,services,real estate services,45.1,43.3,1.8
2009,part-time,services,real estate services,25.4,25.3,0.1
2009,full-time,services,professional services,43.5,41.7,1.8
2009,part-time,services,professional services,22.4,22.2,0.2
2009,full-time,services,administrative and support services,49.2,44.2,4.9
2009,part-time,services,administrative and support services,25,23.8,1.2
2009,full-time,services,"community, social and personal services",42.6,42.2,0.4
2009,part-time,services,"community, social and personal services",22.7,22.5,0.2
2009,full-time,others,others,46.5,43.1,3.4
2009,part-time,others,others,23.9,23.9,-
2010,full-time,manufacturing,"food, beverages and tobacco",48.5,44,4.4
2010,part-time,manufacturing,"food, beverages and tobacco",25.2,23.9,1.3
2010,full-time,manufacturing,"paper,rubber,plastic products and printing",50.2,43.7,6.5
2010,part-time,manufacturing,"paper,rubber,plastic products and printing",27,26.2,0.8
2010,full-time,manufacturing,"petroleum, chemical and pharmaceutical products",46.1,42.8,3.3
2010,part-time,manufacturing,"petroleum, chemical and pharmaceutical products",25.1,24.9,0.2
2010,full-time,manufacturing,"fabricated metal products, machinery and equipment",52.9,43.9,9
2010,part-time,manufacturing,"fabricated metal products, machinery and equipment",23.1,22.7,0.4
2010,full-time,manufacturing,"electronic, computer and optical products",47.3,42.3,5.1
2010,part-time,manufacturing,"electronic, computer and optical products",23.9,23.2,0.7
2010,full-time,manufacturing,transport equipment,53.8,44,9.8
2010,part-time,manufacturing,transport equipment,22.5,22.1,0.3
2010,full-time,manufacturing,other manufacturing industries,50,43,7
2010,part-time,manufacturing,other manufacturing industries,21.3,21.2,0.1
2010,full-time,construction,construction,52.6,45.1,7.5
2010,part-time,construction,construction,20.7,20.7,-
2010,full-time,services,wholesale and retail trade,45.1,43.1,2
2010,part-time,services,wholesale and retail trade,28.4,27.9,0.4
2010,full-time,services,transportation and storage,46.1,43.1,3
2010,part-time,services,transportation and storage,29.8,29.2,0.6
2010,full-time,services,accommodation and food services,46.4,44.7,1.6
2010,part-time,services,accommodation and food services,24.9,24.5,0.4
2010,full-time,services,information and communications,42.1,41.7,0.5
2010,part-time,services,information and communications,19.6,18.2,1.4
2010,full-time,services,financial and insurance services,41.6,41.3,0.3
2010,part-time,services,financial and insurance services,20,19.7,0.3
2010,full-time,services,real estate services,45.6,43.5,2.2
2010,part-time,services,real estate services,26.2,26,0.2
2010,full-time,services,professional services,43.3,41.6,1.7
2010,part-time,services,professional services,22.8,22.6,0.2
2010,full-time,services,administrative and support services,49.9,44.4,5.5
2010,part-time,services,administrative and support services,27.2,26,1.2
2010,full-time,services,"community, social and personal services",42.7,42.3,0.5
2010,part-time,services,"community, social and personal services",23,22.6,0.4
2010,full-time,others,others,46.4,43.1,3.4
2010,part-time,others,others,23.1,23.1,-
2011,full-time,manufacturing,"food, beverages and tobacco",49.3,44.1,5.1
2011,part-time,manufacturing,"food, beverages and tobacco",27.6,25.5,2.1
2011,full-time,manufacturing,"paper,rubber,plastic products and printing",49.4,43.6,5.8
2011,part-time,manufacturing,"paper,rubber,plastic products and printing",23.7,23,0.7
2011,full-time,manufacturing,"petroleum, chemical and pharmaceutical products",45.9,42.7,3.2
2011,part-time,manufacturing,"petroleum, chemical and pharmaceutical products",26.6,26.2,0.4
2011,full-time,manufacturing,"fabricated metal products, machinery and equipment",52.4,43.7,8.7
2011,part-time,manufacturing,"fabricated metal products, machinery and equipment",22,21.7,0.3
2011,full-time,manufacturing,"electronic, computer and optical products",47,42.4,4.6
2011,part-time,manufacturing,"electronic, computer and optical products",24.4,23.6,0.8
2011,full-time,manufacturing,transport equipment,53.3,43.9,9.5
2011,part-time,manufacturing,transport equipment,21,20.5,0.5
2011,full-time,manufacturing,other manufacturing industries,49.9,43,6.9
2011,part-time,manufacturing,other manufacturing industries,20.5,20.4,0.1
2011,full-time,construction,construction,52.9,45,7.9
2011,part-time,construction,construction,21.3,21.3,0.1
2011,full-time,services,wholesale and retail trade,44.7,42.9,1.8
2011,part-time,services,wholesale and retail trade,28.1,27.8,0.3
2011,full-time,services,transportation and storage,46.7,43.3,3.4
2011,part-time,services,transportation and storage,27.9,27.2,0.7
2011,full-time,services,accommodation and food services,46.7,44.9,1.9
2011,part-time,services,accommodation and food services,25.5,24.9,0.5
2011,full-time,services,information and communications,41.9,41.4,0.5
2011,part-time,services,information and communications,21.6,21.2,0.4
2011,full-time,services,financial and insurance services,41.4,41.2,0.2
2011,part-time,services,financial and insurance services,21.8,21.6,0.2
2011,full-time,services,real estate services,45.6,43.5,2.1
2011,part-time,services,real estate services,22.7,21.9,0.8
2011,full-time,services,professional services,43.3,41.6,1.7
2011,part-time,services,professional services,21.3,21.2,0.1
2011,full-time,services,administrative and support services,49.8,44.3,5.5
2011,part-time,services,administrative and support services,26.1,24.5,1.6
2011,full-time,services,"community, social and personal services",42.8,42.3,0.5
2011,part-time,services,"community, social and personal services",23.2,22.8,0.4
2011,full-time,others,others,45.9,42.8,3.1
2011,part-time,others,others,23.7,23.5,0.2
2012,full-time,manufacturing,"food, beverages and tobacco",49,44.5,4.5
2012,part-time,manufacturing,"food, beverages and tobacco",27.6,26.9,0.7
2012,full-time,manufacturing,"paper,rubber,plastic products and printing",48.7,43.5,5.2
2012,part-time,manufacturing,"paper,rubber,plastic products and printing",27.1,26.4,0.7
2012,full-time,manufacturing,"petroleum, chemical and pharmaceutical products",45.2,42,3.2
2012,part-time,manufacturing,"petroleum, chemical and pharmaceutical products",22.7,22.7,-
2012,full-time,manufacturing,"fabricated metal products, machinery and equipment",52.8,43.6,9.2
2012,part-time,manufacturing,"fabricated metal products, machinery and equipment",21.7,21.2,0.4
2012,full-time,manufacturing,"electronic, computer and optical products",46.8,42,4.8
2012,part-time,manufacturing,"electronic, computer and optical products",23.8,23.2,0.6
2012,full-time,manufacturing,transport equipment,53.7,43.8,9.9
2012,part-time,manufacturing,transport equipment,21.2,21,0.2
2012,full-time,manufacturing,other manufacturing industries,49.8,43.1,6.8
2012,part-time,manufacturing,other manufacturing industries,23.7,23.7,0.1
2012,full-time,construction,construction,53.1,44.9,8.2
2012,part-time,construction,construction,20.7,20.3,0.4
2012,full-time,services,wholesale and retail trade,44.9,43.1,1.8
2012,part-time,services,wholesale and retail trade,25.9,25.6,0.3
2012,full-time,services,transportation and storage,46.6,43.2,3.4
2012,part-time,services,transportation and storage,28.2,27.5,0.6
2012,full-time,services,accommodation and food services,47,44.9,2.1
2012,part-time,services,accommodation and food services,25.7,25.2,0.6
2012,full-time,services,information and communications,41.9,41.4,0.5
2012,part-time,services,information and communications,21.3,20.7,0.6
2012,full-time,services,financial and insurance services,41.3,41.1,0.2
2012,part-time,services,financial and insurance services,22.1,22,0.1
2012,full-time,services,real estate services,45.3,43.4,1.9
2012,part-time,services,real estate services,22.9,22.5,0.4
2012,full-time,services,professional services,43.8,41.7,2
2012,part-time,services,professional services,21.1,20.8,0.3
2012,full-time,services,administrative and support services,50,44.1,5.9
2012,part-time,services,administrative and support services,28.3,27.1,1.1
2012,full-time,services,"community, social and personal services",42.9,42.3,0.6
2012,part-time,services,"community, social and personal services",22.1,21.8,0.3
2012,full-time,others,others,45.9,42.8,3.1
2012,part-time,others,others,23.3,22.5,0.8
2013,full-time,manufacturing,"food, beverages and tobacco",48.6,44.1,4.4
2013,part-time,manufacturing,"food, beverages and tobacco",29,28.5,0.5
2013,full-time,manufacturing,"paper,rubber,plastic products and printing",49.3,43.5,5.7
2013,part-time,manufacturing,"paper,rubber,plastic products and printing",25.7,25.1,0.6
2013,full-time,manufacturing,"petroleum, chemical and pharmaceutical products",44.7,41.8,2.9
2013,part-time,manufacturing,"petroleum, chemical and pharmaceutical products",22.7,22.7,-
2013,full-time,manufacturing,"fabricated metal products, machinery and equipment",52.8,43.7,9.1
2013,part-time,manufacturing,"fabricated metal products, machinery and equipment",22.1,21.8,0.3
2013,full-time,manufacturing,"electronic, computer and optical products",46.9,42.1,4.8
2013,part-time,manufacturing,"electronic, computer and optical products",23.9,23,0.9
2013,full-time,manufacturing,transport equipment,53.2,43.8,9.4
2013,part-time,manufacturing,transport equipment,21.9,21.7,0.2
2013,full-time,manufacturing,other manufacturing industries,50.4,43.1,7.3
2013,part-time,manufacturing,other manufacturing industries,24.1,23.9,0.1
2013,full-time,construction,construction,53.4,44.9,8.5
2013,part-time,construction,construction,20.7,20.5,0.2
2013,full-time,services,wholesale and retail trade,44.7,43,1.8
2013,part-time,services,wholesale and retail trade,25.7,25.3,0.4
2013,full-time,services,transportation and storage,46.2,43.2,3
2013,part-time,services,transportation and storage,25.7,25.3,0.4
2013,full-time,services,accommodation and food services,47.4,44.7,2.7
2013,part-time,services,accommodation and food services,26.7,25.9,0.7
2013,full-time,services,information and communications,41.9,41.4,0.5
2013,part-time,services,information and communications,25.2,24.6,0.6
2013,full-time,services,financial and insurance services,41.3,41.1,0.2
2013,part-time,services,financial and insurance services,22.8,22.5,0.2
2013,full-time,services,real estate services,45.7,43.3,2.3
2013,part-time,services,real estate services,24.7,24.4,0.3
2013,full-time,services,professional services,43.8,41.7,2.1
2013,part-time,services,professional services,20.6,20.3,0.2
2013,full-time,services,administrative and support services,49.2,44,5.2
2013,part-time,services,administrative and support services,28.8,28.1,0.7
2013,full-time,services,"community, social and personal services",42.8,42.3,0.5
2013,part-time,services,"community, social and personal services",22.6,22.4,0.3
2013,full-time,others,others,46.2,43,3.2
2013,part-time,others,others,23.1,22.9,0.2
2014,full-time,manufacturing,"food, beverages and tobacco",48,44,4.1
2014,part-time,manufacturing,"food, beverages and tobacco",29.9,29.3,0.6
2014,full-time,manufacturing,"paper,rubber,plastic products and printing",49.5,43.6,5.9
2014,part-time,manufacturing,"paper,rubber,plastic products and printing",25.5,23.7,1.8
2014,full-time,manufacturing,"petroleum, chemical and pharmaceutical products",44.6,41.8,2.8
2014,part-time,manufacturing,"petroleum, chemical and pharmaceutical products",20.2,20.1,0.1
2014,full-time,manufacturing,"fabricated metal products, machinery and equipment",52.3,43.7,8.6
2014,part-time,manufacturing,"fabricated metal products, machinery and equipment",22.3,21.9,0.4
2014,full-time,manufacturing,"electronic, computer and optical products",46.8,42,4.7
2014,part-time,manufacturing,"electronic, computer and optical products",23,22.3,0.7
2014,full-time,manufacturing,transport equipment,52.6,43.7,8.9
2014,part-time,manufacturing,transport equipment,20.9,20.7,0.2
2014,full-time,manufacturing,other manufacturing industries,49.3,43,6.3
2014,part-time,manufacturing,other manufacturing industries,22,21.5,0.4
2014,full-time,construction,construction,53.1,44.8,8.3
2014,part-time,construction,construction,19.7,19.6,0.1
2014,full-time,services,wholesale and retail trade,44.6,42.8,1.9
2014,part-time,services,wholesale and retail trade,25.2,24.3,0.9
2014,full-time,services,transportation and storage,46.4,43.3,3.1
2014,part-time,services,transportation and storage,25.5,24.9,0.6
2014,full-time,services,accommodation and food services,46.9,44.6,2.3
2014,part-time,services,accommodation and food services,26.5,26.1,0.4
2014,full-time,services,information and communications,41.8,41.4,0.4
2014,part-time,services,information and communications,24.8,24,0.8
2014,full-time,services,financial and insurance services,41.3,41.1,0.2
2014,part-time,services,financial and insurance services,22.8,22.7,0.1
2014,full-time,services,real estate services,45.4,43.3,2.1
2014,part-time,services,real estate services,25.3,25,0.3
2014,full-time,services,professional services,43.5,41.6,1.9
2014,part-time,services,professional services,18.2,18.1,0.1
2014,full-time,services,administrative and support services,49.8,43.9,5.9
2014,part-time,services,administrative and support services,29.1,28.2,0.9
2014,full-time,services,"community, social and personal services",42.7,42.2,0.5
2014,part-time,services,"community, social and personal services",23.6,23.4,0.2
2014,full-time,others,others,45.9,43,3
2014,part-time,others,others,23.4,23.4,0.1
2015,full-time,manufacturing,"food, beverages and tobacco",47.7,43.6,4.2
2015,part-time,manufacturing,"food, beverages and tobacco",28.6,28,0.6
2015,full-time,manufacturing,"paper,rubber,plastic products and printing",48.7,43.4,5.4
2015,part-time,manufacturing,"paper,rubber,plastic products and printing",23.9,22.4,1.4
2015,full-time,manufacturing,"petroleum, chemical and pharmaceutical products",44.5,41.8,2.6
2015,part-time,manufacturing,"petroleum, chemical and pharmaceutical products",20.3,20.3,-
2015,full-time,manufacturing,"fabricated metal products, machinery and equipment",51.2,43.6,7.6
2015,part-time,manufacturing,"fabricated metal products, machinery and equipment",21.6,21,0.6
2015,full-time,manufacturing,"electronic, computer and optical products",46.4,42.1,4.3
2015,part-time,manufacturing,"electronic, computer and optical products",24.5,23.4,1
2015,full-time,manufacturing,transport equipment,53,43.8,9.2
2015,part-time,manufacturing,transport equipment,20.9,20.8,0.1
2015,full-time,manufacturing,other manufacturing industries,48.6,42.7,6
2015,part-time,manufacturing,other manufacturing industries,22.7,22.5,0.2
2015,full-time,construction,construction,52.2,44.6,7.6
2015,part-time,construction,construction,21,20.9,0.1
2015,full-time,services,wholesale and retail trade,44.4,42.5,1.9
2015,part-time,services,wholesale and retail trade,24.8,24.3,0.5
2015,full-time,services,transportation and storage,46.2,43.2,2.9
2015,part-time,services,transportation and storage,25.3,24.2,1
2015,full-time,services,accommodation and food services,46.5,44.3,2.2
2015,part-time,services,accommodation and food services,25.3,25,0.3
2015,full-time,services,information and communications,41.8,41.4,0.4
2015,part-time,services,information and communications,26.4,25.1,1.2
2015,full-time,services,financial and insurance services,41.2,41,0.2
2015,part-time,services,financial and insurance services,23.7,23.6,0.1
2015,full-time,services,real estate services,45.7,43.3,2.4
2015,part-time,services,real estate services,25.3,24.9,0.3
2015,full-time,services,professional services,43.1,41.7,1.4
2015,part-time,services,professional services,21.3,21.1,0.2
2015,full-time,services,administrative and support services,48.7,43.9,4.9
2015,part-time,services,administrative and support services,28,27.1,1
2015,full-time,services,"community, social and personal services",42.8,42.3,0.5
2015,part-time,services,"community, social and personal services",23.8,23.5,0.4
2015,full-time,others,others,46,43,3
2015,part-time,others,others,23.7,23.6,0.1
2016,full-time,manufacturing,"food, beverages and tobacco",48,43.7,4.3
2016,part-time,manufacturing,"food, beverages and tobacco",28.7,28.1,0.5
2016,full-time,manufacturing,"paper,rubber,plastic products and printing",48.7,43.4,5.3
2016,part-time,manufacturing,"paper,rubber,plastic products and printing",21,20.1,0.9
2016,full-time,manufacturing,"petroleum, chemical and pharmaceutical products",45,42.2,2.8
2016,part-time,manufacturing,"petroleum, chemical and pharmaceutical products",19.8,19.7,0.1
2016,full-time,manufacturing,"fabricated metal products, machinery and equipment",50.6,43.6,7
2016,part-time,manufacturing,"fabricated metal products, machinery and equipment",21.6,21.3,0.2
2016,full-time,manufacturing,"electronic, computer and optical products",47.1,42.4,4.7
2016,part-time,manufacturing,"electronic, computer and optical products",24.3,23.6,0.8
2016,full-time,manufacturing,transport equipment,51.5,43.7,7.8
2016,part-time,manufacturing,transport equipment,21.5,21.4,0.1
2016,full-time,manufacturing,other manufacturing industries,48.8,42.7,6.1
2016,part-time,manufacturing,other manufacturing industries,20.7,20.3,0.4
2016,full-time,construction,construction,52.2,44.5,7.7
2016,part-time,construction,construction,20.4,20.3,-
2016,full-time,services,wholesale and retail trade,44.1,42.5,1.6
2016,part-time,services,wholesale and retail trade,24.6,24.3,0.3
2016,full-time,services,transportation and storage,46.2,43.2,3
2016,part-time,services,transportation and storage,23.6,23.4,0.2
2016,full-time,services,accommodation and food services,46.5,44.2,2.3
2016,part-time,services,accommodation and food services,26.3,25.9,0.4
2016,full-time,services,information and communications,41.7,41.4,0.3
2016,part-time,services,information and communications,24.2,23.6,0.5
2016,full-time,services,financial and insurance services,41.2,41,0.2
2016,part-time,services,financial and insurance services,23.5,23.4,0.1
2016,full-time,services,real estate services,45.8,43.3,2.5
2016,part-time,services,real estate services,25.5,25.3,0.2
2016,full-time,services,professional services,43.4,41.8,1.6
2016,part-time,services,professional services,22.2,22.1,0.1
2016,full-time,services,administrative and support services,48.6,43.7,5
2016,part-time,services,administrative and support services,28.7,27.5,1.2
2016,full-time,services,"community, social and personal services",42.8,42.4,0.4
2016,part-time,services,"community, social and personal services",24.8,24.2,0.6
2016,full-time,others,others,46.1,42.9,3.2
2016,part-time,others,others,24.5,24.4,-
2017,full-time,manufacturing,"food, beverages and tobacco",47.9,43.7,4.2
2017,part-time,manufacturing,"food, beverages and tobacco",27.7,27.5,0.3
2017,full-time,manufacturing,"paper,rubber,plastic products and printing",48.8,43.4,5.3
2017,part-time,manufacturing,"paper,rubber,plastic products and printing",23.4,21.7,1.7
2017,full-time,manufacturing,"petroleum, chemical and pharmaceutical products",44.5,42,2.5
2017,part-time,manufacturing,"petroleum, chemical and pharmaceutical products",19.4,19.3,0.1
2017,full-time,manufacturing,"fabricated metal products, machinery and equipment",50.3,43.5,6.8
2017,part-time,manufacturing,"fabricated metal products, machinery and equipment",21.4,21.2,0.2
2017,full-time,manufacturing,"electronic, computer and optical products",46.9,42.4,4.6
2017,part-time,manufacturing,"electronic, computer and optical products",22.9,22.5,0.4
2017,full-time,manufacturing,transport equipment,50.8,43.6,7.2
2017,part-time,manufacturing,transport equipment,20.8,20.8,-
2017,full-time,manufacturing,other manufacturing industries,48.6,42.5,6.1
2017,part-time,manufacturing,other manufacturing industries,18.6,18.6,0.1
2017,full-time,construction,construction,50.9,44.2,6.7
2017,part-time,construction,construction,20.1,20.1,-
2017,full-time,services,wholesale and retail trade,44.2,42.5,1.6
2017,part-time,services,wholesale and retail trade,25.5,25.3,0.3
2017,full-time,services,transportation and storage,45.9,43.2,2.6
2017,part-time,services,transportation and storage,22.3,22.2,0.1
2017,full-time,services,accommodation and food services,46.6,44.2,2.5
2017,part-time,services,accommodation and food services,26.3,25.8,0.5
2017,full-time,services,information and communications,41.8,41.5,0.3
2017,part-time,services,information and communications,24.3,24.2,0.1
2017,full-time,services,financial and insurance services,41.3,41.1,0.2
2017,part-time,services,financial and insurance services,24.8,24.7,0.1
2017,full-time,services,real estate services,45.4,43.3,2.1
2017,part-time,services,real estate services,28,27.8,0.2
2017,full-time,services,professional services,43.2,41.8,1.5
2017,part-time,services,professional services,25.6,25.4,0.2
2017,full-time,services,administrative and support services,48.6,43.7,5
2017,part-time,services,administrative and support services,28.1,26.3,1.8
2017,full-time,services,"community, social and personal services",42.8,42.4,0.4
2017,part-time,services,"community, social and personal services",23.1,22.6,0.5
2017,full-time,others,others,45.8,42.9,3
2017,part-time,others,others,24.4,24.4,-
2018,full-time,manufacturing,"food, beverages and tobacco",47.7,43.7,4
2018,part-time,manufacturing,"food, beverages and tobacco",25.8,25.6,0.2
2018,full-time,manufacturing,"paper,rubber,plastic products and printing",48.5,43.3,5.2
2018,part-time,manufacturing,"paper,rubber,plastic products and printing",24.2,21.9,2.3
2018,full-time,manufacturing,"petroleum, chemical and pharmaceutical products",44.2,41.8,2.4
2018,part-time,manufacturing,"petroleum, chemical and pharmaceutical products",19.2,19.2,0
2018,full-time,manufacturing,"fabricated metal products, machinery and equipment",50,43.5,6.6
2018,part-time,manufacturing,"fabricated metal products, machinery and equipment",24.3,24,0.3
2018,full-time,manufacturing,"electronic, computer and optical products",47.2,42.3,4.9
2018,part-time,manufacturing,"electronic, computer and optical products",24.7,24.4,0.3
2018,full-time,manufacturing,transport equipment,50.9,43.5,7.3
2018,part-time,manufacturing,transport equipment,23.5,23.4,0.1
2018,full-time,manufacturing,other manufacturing industries,48.2,42.7,5.5
2018,part-time,manufacturing,other manufacturing industries,21.4,21,0.4
2018,full-time,construction,construction,50.5,44.1,6.5
2018,part-time,construction,construction,21,20.9,0.1
2018,full-time,services,wholesale and retail trade,44.1,42.5,1.6
2018,part-time,services,wholesale and retail trade,25.7,25.3,0.4
2018,full-time,services,transportation and storage,45.9,43.3,2.7
2018,part-time,services,transportation and storage,24.3,24.1,0.2
2018,full-time,services,accommodation and food services,46.3,44,2.3
2018,part-time,services,accommodation and food services,25,24.5,0.5
2018,full-time,services,information and communications,42,41.6,0.4
2018,part-time,services,information and communications,24.5,24.4,0.1
2018,full-time,services,financial and insurance services,41.2,41.1,0.1
2018,part-time,services,financial and insurance services,25.6,25.5,0.2
2018,full-time,services,real estate services,44.9,43.2,1.6
2018,part-time,services,real estate services,24.8,24.6,0.2
2018,full-time,services,professional services,43.2,41.7,1.5
2018,part-time,services,professional services,23.2,23.1,0.1
2018,full-time,services,administrative and support services,47.8,43.4,4.3
2018,part-time,services,administrative and support services,28.2,26.8,1.4
2018,full-time,services,"community, social and personal services",42.9,42.4,0.4
2018,part-time,services,"community, social and personal services",22.6,22.2,0.4
2018,full-time,others,others,45.8,43,2.9
2018,part-time,others,others,24.8,24.8,-
2019,full-time,manufacturing,"food, beverages and tobacco",47.1,43.5,3.6
2019,part-time,manufacturing,"food, beverages and tobacco",26.7,26.6,0.2
2019,full-time,manufacturing,"paper,rubber,plastic products and printing",47.8,43.4,4.4
2019,part-time,manufacturing,"paper,rubber,plastic products and printing",23.3,22.8,0.5
2019,full-time,manufacturing,"petroleum, chemical and pharmaceutical products",44,41.7,2.3
2019,part-time,manufacturing,"petroleum, chemical and pharmaceutical products",17.8,17.7,0.1
2019,full-time,manufacturing,"fabricated metal products, machinery and equipment",49.6,43.3,6.3
2019,part-time,manufacturing,"fabricated metal products, machinery and equipment",23.7,23,0.7
2019,full-time,manufacturing,"electronic, computer and optical products",46.3,42.3,4
2019,part-time,manufacturing,"electronic, computer and optical products",27,25.9,1.1
2019,full-time,manufacturing,transport equipment,50.9,43.6,7.3
2019,part-time,manufacturing,transport equipment,22.4,22.3,0.1
2019,full-time,manufacturing,other manufacturing industries,47.6,42.6,5
2019,part-time,manufacturing,other manufacturing industries,20.9,20.5,0.4
2019,full-time,construction,construction,50.2,44.1,6.1
2019,part-time,construction,construction,20.6,20.6,0.1
2019,full-time,services,wholesale and retail trade,44.1,42.6,1.5
2019,part-time,services,wholesale and retail trade,25.2,24.8,0.4
2019,full-time,services,transportation and storage,45.9,43.2,2.8
2019,part-time,services,transportation and storage,24,23.3,0.8
2019,full-time,services,accommodation and food services,46.2,43.9,2.3
2019,part-time,services,accommodation and food services,25.4,24.9,0.5
2019,full-time,services,information and communications,41.9,41.6,0.3
2019,part-time,services,information and communications,25.1,25,0.1
2019,full-time,services,financial and insurance services,41.6,41.2,0.4
2019,part-time,services,financial and insurance services,24.5,24.3,0.2
2019,full-time,services,real estate services,44.8,43.1,1.7
2019,part-time,services,real estate services,26.5,26.2,0.3
2019,full-time,services,professional services,43.1,41.7,1.4
2019,part-time,services,professional services,22.3,22.2,0.1
2019,full-time,services,administrative and support services,47.9,43.5,4.4
2019,part-time,services,administrative and support services,27.9,26.4,1.6
2019,full-time,services,"community, social and personal services",42.8,42.4,0.4
2019,part-time,services,"community, social and personal services",23.3,23.1,0.2
2019,full-time,others,others,45.5,42.9,2.6
2019,part-time,others,others,24.7,24.7,0
2020,full-time,manufacturing,"food, beverages and tobacco",46.7,43.7,3.1
2020,part-time,manufacturing,"food, beverages and tobacco",29.4,29.3,0.1
2020,full-time,manufacturing,"paper,rubber,plastic products and printing",47.6,43.6,4
2020,part-time,manufacturing,"paper,rubber,plastic products and printing",24.8,24.2,0.6
2020,full-time,manufacturing,"petroleum, chemical and pharmaceutical products",43.8,41.5,2.2
2020,part-time,manufacturing,"petroleum, chemical and pharmaceutical products",21.2,21.2,0
2020,full-time,manufacturing,"fabricated metal products, machinery and equipment",48.3,43.3,5
2020,part-time,manufacturing,"fabricated metal products, machinery and equipment",21.6,21.1,0.5
2020,full-time,manufacturing,"electronic, computer and optical products",46.8,42.4,4.5
2020,part-time,manufacturing,"electronic, computer and optical products",24.8,24.4,0.4
2020,full-time,manufacturing,transport equipment,48,43.5,4.5
2020,part-time,manufacturing,transport equipment,21.4,21.3,0
2020,full-time,manufacturing,other manufacturing industries,47,42.2,4.8
2020,part-time,manufacturing,other manufacturing industries,20.1,20,0.1
2020,full-time,construction,construction,48.3,44,4.3
2020,part-time,construction,construction,24.1,23.4,0.7
2020,full-time,services,wholesale and retail trade,44,42.7,1.3
2020,part-time,services,wholesale and retail trade,25.9,24.7,1.3
2020,full-time,services,transportation and storage,45.5,43.1,2.5
2020,part-time,services,transportation and storage,22.7,22.4,0.4
2020,full-time,services,accommodation and food services,45.6,43.9,1.6
2020,part-time,services,accommodation and food services,25.2,24.9,0.3
2020,full-time,services,information and communications,41.6,41.4,0.2
2020,part-time,services,information and communications,23.5,23.4,0
2020,full-time,services,financial and insurance services,41.4,41.2,0.2
2020,part-time,services,financial and insurance services,23.9,23.8,0.2
2020,full-time,services,real estate services,44.1,43,1.1
2020,part-time,services,real estate services,25.4,25.2,0.2
2020,full-time,services,professional services,42.6,41.6,0.9
2020,part-time,services,professional services,24,23.9,0.1
2020,full-time,services,administrative and support services,47.2,43.5,3.7
2020,part-time,services,administrative and support services,28,26.6,1.4
2020,full-time,services,"community, social and personal services",42.6,42.3,0.3
2020,part-time,services,"community, social and personal services",23.7,23.6,0.1
2020,full-time,others,others,45.4,42.9,2.5
2020,part-time,others,others,24.6,24.6,0
2021,full-time,manufacturing,"food, beverages and tobacco",47.1,43.3,3.8
2021,part-time,manufacturing,"food, beverages and tobacco",29.1,28.8,0.3
2021,full-time,manufacturing,"paper,rubber,plastic products and printing",48.9,43.4,5.5
2021,part-time,manufacturing,"paper,rubber,plastic products and printing",24.1,23.8,0.4
2021,full-time,manufacturing,"petroleum, chemical and pharmaceutical products",44.3,41.7,2.7
2021,part-time,manufacturing,"petroleum, chemical and pharmaceutical products",21.1,21,0.1
2021,full-time,manufacturing,"fabricated metal products, machinery and equipment",49.8,43.2,6.6
2021,part-time,manufacturing,"fabricated metal products, machinery and equipment",23.9,23.5,0.4
2021,full-time,manufacturing,"electronic, computer and optical products",47.8,42.3,5.5
2021,part-time,manufacturing,"electronic, computer and optical products",25.4,24.4,1
2021,full-time,manufacturing,transport equipment,49.1,43.3,5.8
2021,part-time,manufacturing,transport equipment,18.8,18.8,-
2021,full-time,manufacturing,other manufacturing industries,47.9,42.4,5.6
2021,part-time,manufacturing,other manufacturing industries,17.1,17,0.1
2021,full-time,construction,construction,50,43.9,6.1
2021,part-time,construction,construction,21.8,21.8,-
2021,full-time,services,wholesale and retail trade,43.6,42.2,1.3
2021,part-time,services,wholesale and retail trade,25.7,25.3,0.4
2021,full-time,services,transportation and storage,46,43.1,3
2021,part-time,services,transportation and storage,20,19.3,0.8
2021,full-time,services,accommodation and food services,45.5,43.8,1.7
2021,part-time,services,accommodation and food services,25.7,25.5,0.2
2021,full-time,services,information and communications,41.7,41.5,0.2
2021,part-time,services,information and communications,26.4,26.3,0.1
2021,full-time,services,financial and insurance services,41.8,41.3,0.5
2021,part-time,services,financial and insurance services,26.1,26.1,-
2021,full-time,services,real estate services,44.2,42.9,1.3
2021,part-time,services,real estate services,28,27.8,0.3
2021,full-time,services,professional services,42.6,41.5,1.1
2021,part-time,services,professional services,25,24.8,0.2
2021,full-time,services,administrative and support services,47.2,43.5,3.7
2021,part-time,services,administrative and support services,28.3,27.3,1
2021,full-time,services,"community, social and personal services",42.6,42.3,0.3
2021,part-time,services,"community, social and personal services",22.6,22.5,0.1
2021,full-time,others,others,45.4,42.8,2.7
2021,part-time,others,others,24.1,24,0.1
